FACHKUERZEL;FACHNAME;MODULKUERZEL;MODULBEZEICHNUNG;MODULVERANTWORTUNG;UUID;Spalte1;Spalte2
UPS M A;Unternehmensplanspiel;1006;Unternehmensplanspiel;Klein, Torsten;111c8dcf-738f-4870-9851-fb1ef0349b75;;
UPS M A;Unternehmensplanspiel;1006;Unternehmensplanspiel;Linden, Markus;111c8dcf-738f-4870-9851-fb1ef0349b75;;
KOA M C;Angewandte Konstruktion;1011;Angewandte Konstruktion oder industrielle Projektarbeit Konstruktion;Wellendorf, Axel;;;
FMT M A;Fertigungsmesstechnik;1014;Fertigungsmesstechnik;Müller, Lutz;;;
FP M;Fabrikplanung ;1017;Fabrikplanung;Münster, Thomas;878b5af5-0587-4b08-8b47-2e040d5799b4;;
KUF M;Kommunikation und Führung;1019;Kommunikation und Führung;Palmer, Carolin;66cdf64a-a164-46b1-a654-0c95564b563c;;
STL M;Strömungslehre;1024;Strömungslehre;Anders, Denis;f88e64e6-8344-4b7f-ad9a-8499fed4196f;;
SWK M;Spezielle Gebiete der Werkstoffkunde Metalle;1025;Spezielle Werkstoffkunde der Metalle;Katrakova-Krüger, Danka;;;
SR1 M;Steuer- und Regelungstechnik (Automatisierungssysteme) ;1026;Steuer- und Regelungstechnik;Kandil, Amr;03fa8ca0-4979-4514-a0aa-b0d2e73e07f8;;
SR1 M;Steuer- und Regelungstechnik (Automatisierungssysteme) ;1026;Steuer- und Regelungstechnik;Zwanzig, Florian;03fa8ca0-4979-4514-a0aa-b0d2e73e07f8;;
TM1 M;Festigkeitslehre;1027;Technische Mechanik I und II;Walkowiak, Marcel;c285df00-5cc3-4e89-8c9e-e5915b581e5d;;
TM1 M;Festigkeitslehre;1027;Technische Mechanik I und II;Anders, Denis;c285df00-5cc3-4e89-8c9e-e5915b581e5d;;
TM2 M;Bewegungsanalyse dynamischer Systeme;1027;Technische Mechanik I und II;Walkowiak, Marcel;15769d73-a0b6-49a5-9b47-3e155a063e20;;
TM2 M;Bewegungsanalyse dynamischer Systeme;1027;Technische Mechanik I und II;Anders, Denis;15769d73-a0b6-49a5-9b47-3e155a063e20;;
MA1 BB;Mathematik 1 (ING);1030;Mathematik;Bartz-Beielstein, Thomas;be0ff3d9-f7f6-494c-acb9-520a92a4a1c6;;
MA1 BB;Mathematik 1 (ING);1030;Mathematik;Böhm-Rietig, Jürgen;be0ff3d9-f7f6-494c-acb9-520a92a4a1c6;;
MA2 BB;Mathematik 2 Gr. B (ING);1030;Mathematik;Böhm-Rietig, Jürgen;be0ff3d9-f7f6-494c-acb9-520a92a4a1c6;;
MA2 BB;Mathematik 2 Gr. B (ING);1030;Mathematik;Bartz-Beielstein, Thomas;be0ff3d9-f7f6-494c-acb9-520a92a4a1c6;;
IUG AI ITM MI WI V;Informatik und Gesellschaft;1039;Informatik, Recht und Gesellschaft;Bertelsmeier, Birgit;e3dc0278-cf5f-4296-a577-d88ad9c3e999;;
RE AI ITM MI WI V;Recht - Teilmodul von IRG;1039;Informatik, Recht und Gesellschaft;Bertelsmeier, Birgit;e3dc0278-cf5f-4296-a577-d88ad9c3e999;;
PP AI V;Paradigmen der Programmierung;1043;Paradigmen der Programmierung;Kohls, Christian;e37c5af9-6076-4f15-8c8b-d206b7091bc0;;
ERP AITM;Integration of Technical and Commercial Systems;1057;Integration of Technical and Business Information Systems (English);Scheuring, Rainer;c078e975-4bde-4128-b75c-408576fcff4d;;
ERP AITM;Integration of Technical and Commercial Systems;1057;Integration of Technical and Business Information Systems (English);Faeskorn-Woyke, Heide;c078e975-4bde-4128-b75c-408576fcff4d;;
ERP AITM;Integration of Technical and Commercial Systems;1057;Integration of Technical and Business Information Systems (English);Hackelöer, Felix;c078e975-4bde-4128-b75c-408576fcff4d;;
ERP AITM;Integration of Technical and Commercial Systems;1057;Integration of Technical and Business Information Systems (English);Westenberger, Hartmut;c078e975-4bde-4128-b75c-408576fcff4d;;
WRE M B;Wirtschaftsrecht;1059;Wirtschaftsrecht;Koeppe, Gabriele;5de4df61-de5d-4168-b8a1-ad34b0e8bbee;;
WRE M B;Wirtschaftsrecht;1059;Wirtschaftsrecht;Breidenbach, Anne;5de4df61-de5d-4168-b8a1-ad34b0e8bbee;;
FT3  M;Fertigungstechnik 3 - Metalle / Automatisierte Fertigung;1071;Fertigungstechnik III / Metalle;Zwanzig, Florian;b694276e-de90-40e8-b2cd-ce1d22407fd3;;
TD M;Grundlagen der Technischen Thermodynamik;1072;Grundlagen der Technischen Thermodynamik;Shevchuk, Igor;2c0d9243-3f16-43be-bec8-e85ec6e5153e;;
KM1 M;Konstruktion /  Maschinenelemente  für Maschinenbauer 1;1074;Konstruktion / Maschinenelemente für Maschinenbauer;Pyschny, Nicolas;5941afae-a356-4dce-9e9b-1b70371c8202;;
KM2 M;Konstruktion /  Maschinenelemente für Maschinenbauer 2;1074;Konstruktion / Maschinenelemente für Maschinenbauer;Pyschny, Nicolas;5941afae-a356-4dce-9e9b-1b70371c8202;;
TUTKM1 M;Tutorium Konstruktion /  Maschinenelemente für Maschinenbauer 1;1074;Konstruktion / Maschinenelemente für Maschinenbauer;Pyschny, Nicolas;5941afae-a356-4dce-9e9b-1b70371c8202;;
AOR M;Organisation und Management;1075;Organisation und Management;Klein, Torsten;d6292c8a-1980-4f82-9877-bc5e1cc53231;;
ITS IM;IT-Sicherheit (DE);1093;IT-Sicherheit (German);Karsch, Stefan;a7538129-2aa0-4ba0-8ddb-a679b527529a;;
EE1 B;Einführung in die Elektrotechnik 1;1095;Einführung in die Elektrotechnik;Freiburg, Michael;ca272b86-8a95-4e8d-b56f-4c63d389b51f;;
EE1 B;Einführung in die Elektrotechnik 1;1095;Einführung in die Elektrotechnik;Weber, Jürgen;ca272b86-8a95-4e8d-b56f-4c63d389b51f;;
EE1 B;Einführung in die Elektrotechnik 1;1095;Einführung in die Elektrotechnik;Hackelöer, Felix;ca272b86-8a95-4e8d-b56f-4c63d389b51f;;
EE2 B;Einführung in die Elektrotechnik 2;1095;Einführung in die Elektrotechnik;Freiburg, Michael;7290c516-dd96-4051-bb56-0cb1aef9dbb1;;
EE2 B;Einführung in die Elektrotechnik 2;1095;Einführung in die Elektrotechnik;Weber, Jürgen;7290c516-dd96-4051-bb56-0cb1aef9dbb1;;
EE2 B;Einführung in die Elektrotechnik 2;1095;Einführung in die Elektrotechnik;Hackelöer, Felix;7290c516-dd96-4051-bb56-0cb1aef9dbb1;;
IN1 B;Informatik 1 ;1104;Informatik;Scheuring, Rainer;876c5d42-f579-4a7c-953c-76895b731ff4;;
IN1 B;Informatik 1 ;1104;Informatik;Klasen, Frithjof;876c5d42-f579-4a7c-953c-76895b731ff4;;
IN1 B;Informatik 1 ;1104;Informatik;Algorri, Elena;876c5d42-f579-4a7c-953c-76895b731ff4;;
IN1 B;Informatik 1 ;1104;Informatik;Wolf, Christian;876c5d42-f579-4a7c-953c-76895b731ff4;;
IN2 B;Informatik 2;1104;Informatik;Algorri, Elena;80f1d7c8-8261-4f5e-b4cb-06624065928d;;
IN2 B;Informatik 2;1104;Informatik;Klasen, Frithjof;80f1d7c8-8261-4f5e-b4cb-06624065928d;;
IN2 B;Informatik 2;1104;Informatik;Wolf, Christian;80f1d7c8-8261-4f5e-b4cb-06624065928d;;
IN2 B;Informatik 2;1104;Informatik;Scheuring, Rainer;80f1d7c8-8261-4f5e-b4cb-06624065928d;;
ST1 AI V;Softwaretechnik 1;1112;Softwaretechnik 1 und Softwaretechnik 2;Bente, Stefan;f79b9798-6db1-44fd-b02b-a402e24b582a;;
ST1 AI V;Softwaretechnik 1;1112;Softwaretechnik 1 und Softwaretechnik 2;Krampe, Fabian;f79b9798-6db1-44fd-b02b-a402e24b582a;;
EM1 B;Einführung in die Mechanik 1;1115;Einführung in die Mechanik;Tichelmann, Patrick;5b712502-14b2-49f1-9d77-a2ed852917c1;;
EM1 B;Einführung in die Mechanik 1;1115;Einführung in die Mechanik;Wellendorf, Axel;5b712502-14b2-49f1-9d77-a2ed852917c1;;
EM2 B;Einführung in die Mechanik 2 ;1115;Einführung in die Mechanik;Tichelmann, Patrick;34351696-98fe-409c-96ff-9f7f78bd4037;;
EM2 B;Einführung in die Mechanik 2 ;1115;Einführung in die Mechanik;Wellendorf, Axel;34351696-98fe-409c-96ff-9f7f78bd4037;;
MAW M;Statistik;1116;Statistik;, ;;;
KL M;Konstruktionslehre;1117;Konstruktionslehre;Walkowiak, Marcel;f60b1866-11a6-4236-8d1a-052c5356e137;;
ENW M 1;Wirtschaftsenglisch Seminar Gruppe 1;1118;Wirtschaftsenglisch;Bockemühl-Simon, Tuula;fbda769f-2e9f-4ce3-9025-916835789440;;
ENW M 2;Wirtschaftsenglisch Seminar Gruppe 2;1118;Wirtschaftsenglisch;Bockemühl-Simon, Tuula;fbda769f-2e9f-4ce3-9025-916835789440;;
PRE;Produktentwicklung SPF B&V;1124;Produktentwicklung;Pyschny, Nicolas;;;
AM M C;Allgemeine Maschinendynamik;1128;Allgemeine Maschinendynamik;, ;;;
KAT E B;Industrielle Kommunikationssysteme;1132;Industrielle Kommunikationssysteme;Klasen, Frithjof;3e7ade9f-a8a4-4431-9977-755f45b63eda;;
PRO E;Programmieren;1136;Programmieren;Algorri, Elena;0e229c2a-a8de-4732-92cd-6cbd2f40a64d;;
EBR AI ITM MI WI V;Einführung in Betriebssysteme und Rechnerarchitektur;1152;Einführung in Betriebssysteme und Rechnerarchitekturen;Karsch, Stefan;ca3d9db5-d117-4f01-b166-ea0a25a9bb84;;
MAS WI V;Modellierung von Anwendungssystemen;1172;Modellierung von Anwendungssystemen;Winter, Mario;f7a2b38b-8a5e-4c7c-9d88-73cf1ab65e62;;
MA1 AI ITM MI V;Mathematik 1;1176;Mathematik I;Konen, Wolfgang;bc161197-329c-4146-ae3d-9269cc05c108;;
ADES M;Automation of discrete event systems;1182;Advanced Process Control and Optimization (English);Scheuring, Rainer;;;
ADES M;Automation of discrete event systems;1182;Advanced Process Control and Optimization (English);Zaefferer, Martin;;;
ADES M;Automation of discrete event systems;1182;Advanced Process Control and Optimization (English);Kampmann, Andreas;;;
ADES M;Automation of discrete event systems;1182;Advanced Process Control and Optimization (English);Bartz-Beielstein, Thomas;;;
PTC MAIT;Linear, nonlinear and model predictive control;1182;Advanced Process Control and Optimization (English);Kampmann, Andreas;;;
PTC MAIT;Linear, nonlinear and model predictive control;1182;Advanced Process Control and Optimization (English);Scheuring, Rainer;;;
PTC MAIT;Linear, nonlinear and model predictive control;1182;Advanced Process Control and Optimization (English);Zaefferer, Martin;;;
PTC MAIT;Linear, nonlinear and model predictive control;1182;Advanced Process Control and Optimization (English);Bartz-Beielstein, Thomas;;;
EL E;Elektronik;1185;Elektronik;Kampmann, Andreas;9ae4f461-817e-479b-90e1-071ec82c2079;;
PMA M;Projektmanagement (ING);1187;Projektmanagement;Stumpf, Siegfried;562e8f70-92d9-4907-af24-3f355a2ff204;;
FT1 K;Fertigungstechnik 1 (Kunststoff);1194;Fertigungstechnik I (Metall- und Kunststoffverarbeitung);Zwanzig, Florian;2b036373-3e61-46bf-939b-61c843e78f0e;;
FT1 K;Fertigungstechnik 1 (Kunststoff);1194;Fertigungstechnik I (Metall- und Kunststoffverarbeitung);Lake, Simone;2b036373-3e61-46bf-939b-61c843e78f0e;;
FT1 M;Fertigungstechnik 1 (Metall);1194;Fertigungstechnik I (Metall- und Kunststoffverarbeitung);Lake, Simone;ce3ff48e-28d0-4bcc-b5e7-8c0f551f2112;;
FT1 M;Fertigungstechnik 1 (Metall);1194;Fertigungstechnik I (Metall- und Kunststoffverarbeitung);Zwanzig, Florian;ce3ff48e-28d0-4bcc-b5e7-8c0f551f2112;;
KOR M;Technisches Zeichnen - CAD s. Staffelplan;1210;Technisches Zeichnen und CAD;Tichelmann, Patrick;d4ad3104-c495-4acb-8ce0-a73881210650;;
KOR M;Technisches Zeichnen - CAD s. Staffelplan;1210;Technisches Zeichnen und CAD;Walkowiak, Marcel;d4ad3104-c495-4acb-8ce0-a73881210650;;
TUTTZ B;Tutorium Technisches Zeichnen für Wirtschaftsing und Allg. Maschinenbau;1210;Technisches Zeichnen und CAD;, ;d4ad3104-c495-4acb-8ce0-a73881210650;;
TZ B;Technisches Zeichnen für Wirtschaftsing und Allg. Maschinenbau;1210;Technisches Zeichnen und CAD;Tichelmann, Patrick;d4ad3104-c495-4acb-8ce0-a73881210650;;
TZ B;Technisches Zeichnen für Wirtschaftsing und Allg. Maschinenbau;1210;Technisches Zeichnen und CAD;Walkowiak, Marcel;d4ad3104-c495-4acb-8ce0-a73881210650;;
MAS MMI;Spezielle Gebiete der Mathematik;1222;Spezielle Gebiete der Mathematik (German);Zühlke, Dietlind;4e25106a-be93-4f2b-9c7d-920e7c556689;;
MAS MMI;Spezielle Gebiete der Mathematik;1222;Spezielle Gebiete der Mathematik (German);Konen, Wolfgang;4e25106a-be93-4f2b-9c7d-920e7c556689;;
MAS MMI;Spezielle Gebiete der Mathematik;1222;Spezielle Gebiete der Mathematik (German);Lau, Elmar;4e25106a-be93-4f2b-9c7d-920e7c556689;;
SGM IM;Spezielle Gebiete der Mathematik (DE);1222;Spezielle Gebiete der Mathematik (German);Konen, Wolfgang;4e25106a-be93-4f2b-9c7d-920e7c556689;;
SGM IM;Spezielle Gebiete der Mathematik (DE);1222;Spezielle Gebiete der Mathematik (German);Lau, Elmar;4e25106a-be93-4f2b-9c7d-920e7c556689;;
SGM IM;Spezielle Gebiete der Mathematik (DE);1222;Spezielle Gebiete der Mathematik (German);Zühlke, Dietlind;4e25106a-be93-4f2b-9c7d-920e7c556689;;
OTS ET;Optimierung dynamischer Systeme ET;1230;Optimierung technischer Systeme;Wolf, Christian;ce3ff48e-28d0-4bcc-b5e7-8c0f551f2112;;
DSV E A;Digitale Signalverarbeitung;1246;Digitale Signalverarbeitung;Kampmann, Andreas;;;
ITS MAIT;IT-Security-Management and Technologies;1247;Information and Network Security in Industrial Automation (English);Klasen, Frithjof;;;
FT3  K;Projektarbeit Kunststoffverarbeitung;1263;Fertigungstechnik III / Kunststoffe;Lake, Simone;e045b42f-f56b-4f2f-94e3-fa56f3660b89;;
FT2 K;Fertigungstechnik 2 (Kunststoff);1267;Fertigungstechnik II (Metall- und Kunststoffverarbeitung);Zwanzig, Florian;ce3ff48e-28d0-4bcc-b5e7-8c0f551f2112;;
FT2 K;Fertigungstechnik 2 (Kunststoff);1267;Fertigungstechnik II (Metall- und Kunststoffverarbeitung);Lake, Simone;ce3ff48e-28d0-4bcc-b5e7-8c0f551f2112;;
FT2 M;Fertigungstechnik 2 (Metall);1267;Fertigungstechnik II (Metall- und Kunststoffverarbeitung);Zwanzig, Florian;ce3ff48e-28d0-4bcc-b5e7-8c0f551f2112;;
FT2 M;Fertigungstechnik 2 (Metall);1267;Fertigungstechnik II (Metall- und Kunststoffverarbeitung);Lake, Simone;ce3ff48e-28d0-4bcc-b5e7-8c0f551f2112;;
SWK P;Spezielle Gebiete der Werkstoffkunde Polymere;1277;Spezielle Werkstoffkunde der Kunststoffe;Katrakova-Krüger, Danka;;;
SWK P;Spezielle Gebiete der Werkstoffkunde Polymere;1277;Spezielle Werkstoffkunde der Kunststoffe;Harraß, Konstantina;;;
PM AI V;Projektmanagement (INF);1295;Projektmanagement;Günther, Holger;ce3ff48e-28d0-4bcc-b5e7-8c0f551f2112;;
PM AI V;Projektmanagement (INF);1295;Projektmanagement;Köhler, Lutz;ce3ff48e-28d0-4bcc-b5e7-8c0f551f2112;;
PM AI V;Projektmanagement (INF);1295;Projektmanagement;Winter, Mario;ce3ff48e-28d0-4bcc-b5e7-8c0f551f2112;;
PM ITM V;Projektmanagement (INF);1295;Projektmanagement;Köhler, Lutz;ce3ff48e-28d0-4bcc-b5e7-8c0f551f2112;;
PM ITM V;Projektmanagement (INF);1295;Projektmanagement;Günther, Holger;ce3ff48e-28d0-4bcc-b5e7-8c0f551f2112;;
PM ITM V;Projektmanagement (INF);1295;Projektmanagement;Winter, Mario;ce3ff48e-28d0-4bcc-b5e7-8c0f551f2112;;
PM MI V;Projektmanagement (INF);1295;Projektmanagement;Günther, Holger;ce3ff48e-28d0-4bcc-b5e7-8c0f551f2112;;
PM MI V;Projektmanagement (INF);1295;Projektmanagement;Köhler, Lutz;ce3ff48e-28d0-4bcc-b5e7-8c0f551f2112;;
PM MI V;Projektmanagement (INF);1295;Projektmanagement;Winter, Mario;ce3ff48e-28d0-4bcc-b5e7-8c0f551f2112;;
PM WI V;Projektmanagement (INF);1295;Projektmanagement;Köhler, Lutz;ce3ff48e-28d0-4bcc-b5e7-8c0f551f2112;;
PM WI V;Projektmanagement (INF);1295;Projektmanagement;Günther, Holger;ce3ff48e-28d0-4bcc-b5e7-8c0f551f2112;;
PM WI V;Projektmanagement (INF);1295;Projektmanagement;Winter, Mario;ce3ff48e-28d0-4bcc-b5e7-8c0f551f2112;;
AUV M A;Arbeits- und Vertragsrecht;1312;Arbeits- und Vertragsrecht;Strombach, Torsten;;;
AUV M A;Arbeits- und Vertragsrecht;1312;Arbeits- und Vertragsrecht;Engelen, Monika;;;
QM M;Qualitätsmanagement;1321;Qualitätsmanagement;Münster, Thomas;0f5d2c93-c5a3-4d6d-aed7-0cc42222f0cf;;
ENT E 1;Technisches Englisch Seminar Gruppe 1;1325;Technisches Englisch;Bockemühl-Simon, Tuula;9f464cde-5237-4832-a7ec-23afc46cf4eb;;
ENT E 2;Technisches Englisch Seminar Gruppe 2;1325;Technisches Englisch;Bockemühl-Simon, Tuula;9f464cde-5237-4832-a7ec-23afc46cf4eb;;
BA1 WI V;Betriebliche Anwendungssysteme 1;1333;Betriebliche Anwendungssysteme I;Westenberger, Hartmut;65a319e8-788c-4469-ade1-a10566d87a4a;;
AP1 AI ITM MI WI TUT;Algorithmen und Programmierung 1;1341;Algorithmen und Programmierung I;Victor, Frank;dca56fa6-1952-4b47-bf60-3dcb32e86ada;;
AP1 AI ITM MI WI UE;Algorithmen und Programmierung 1;1341;Algorithmen und Programmierung I;Victor, Frank;dca56fa6-1952-4b47-bf60-3dcb32e86ada;;
AP1 AI ITM MI WI V;Algorithmen und Programmierung 1;1341;Algorithmen und Programmierung I;Victor, Frank;dca56fa6-1952-4b47-bf60-3dcb32e86ada;;
AP1 AI P;Algorithmen und Programmierung 1;1341;Algorithmen und Programmierung I;Victor, Frank;dca56fa6-1952-4b47-bf60-3dcb32e86ada;;
AP1 ITM P;Algorithmen und Programmierung 1;1341;Algorithmen und Programmierung I;Victor, Frank;dca56fa6-1952-4b47-bf60-3dcb32e86ada;;
AP1 MI P;Algorithmen und Programmierung 1;1341;Algorithmen und Programmierung I;Victor, Frank;dca56fa6-1952-4b47-bf60-3dcb32e86ada;;
AP1 WI P;Algorithmen und Programmierung 1;1341;Algorithmen und Programmierung I;Victor, Frank;dca56fa6-1952-4b47-bf60-3dcb32e86ada;;
BW1 BB;Grundlagen der Betriebswirtschaftslehre;1353;Grundlagen der Betriebswirtschaftslehre;Klein, Torsten;998bb217-b8a0-431d-b38f-1de5e9bbd5b5;;
BW1 BB;Grundlagen der Betriebswirtschaftslehre;1353;Grundlagen der Betriebswirtschaftslehre;Engelen, Monika;998bb217-b8a0-431d-b38f-1de5e9bbd5b5;;
MG1 M B;Marketing 1;1364;Marketing I;Engelen, Monika;c810d20c-ba42-4943-8c5d-7e7520e4da00;;
MES E A;Messsysteme und Sensorik;1366;Messsysteme;Baerwolff, Hartmut;;;
MES E A;Messsysteme und Sensorik;1366;Messsysteme;Bergfeld, Stefan;;;
CON M;Controlling;1367;Controlling;Eckstein, Stefan;ecd5f575-5615-46ef-ba77-2f974db6d6d0;;
MAA A;Angewandte Mathematik;1368;Angewandte Mathematik;Mersmann, Olaf;315b421f-50fc-44a0-b584-8b38c9f53c87;;
FEM M C;Höhere Festigkeitslehre / Finite Elemente;1372;Höhere Festigkeitslehre / Finite Elemente oder industrielle Projektarbeit FEM;Tichelmann, Patrick;dfabe6dd-6f9a-498d-912e-3bb84fe68bee;;
BIL M;Unternehmenslogistik;1378;Produktion und Logistik (BWL 4);, ;d15381d3-4145-44d0-b64b-677ff57d86c0;;
ALG AI P;Algorithmik;1404;Algorithmik;Gaida, Daniel;21723454-3c3e-4ebe-ade0-82eacb69b185;;
ALG AI UE;Algorithmik;1404;Algorithmik;Gaida, Daniel;21723454-3c3e-4ebe-ade0-82eacb69b185;;
ALG AI V;Algorithmik;1404;Algorithmik;Gaida, Daniel;21723454-3c3e-4ebe-ade0-82eacb69b185;;
STH E A;Systemtheorie;1411;Systemtheorie;Zakrevski, Juri;072df25e-392e-49e7-98c1-400e3fc9f315;;
LEL E A;Leistungselektronik ;1416;Leistungselektronik;Klein, Christoph;;;
AUS E;Automatisierungssysteme;1424;Automatisierungssysteme;Klasen, Frithjof;3537405c-8d14-45c9-b465-61f3d623a947;;
AUS E;Automatisierungssysteme;1424;Automatisierungssysteme;Hackelöer, Felix;3537405c-8d14-45c9-b465-61f3d623a947;;
MG2 M B;Marketing 2;1427;Marketing II;Engelen, Monika;;;
WKII M;Werkstoffkunde II;1449;Werkstoffkunde (Kunststoffe, Glas, Keramik);Katrakova-Krüger, Danka;3a5c00ce-c2a9-4d28-aa40-4968b7540448;;
WKII M;Werkstoffkunde II;1449;Werkstoffkunde (Kunststoffe, Glas, Keramik);Harraß, Michael;3a5c00ce-c2a9-4d28-aa40-4968b7540448;;
PH1 BB;Physik 1;1468;Physik;Kraft, Sebastian;3a4077fa-fb35-4e83-a54f-1473522c57c9;;
PH1 BB;Physik 1;1468;Physik;Zakrevski, Juri;3a4077fa-fb35-4e83-a54f-1473522c57c9;;
PH1 BB;Physik 1;1468;Physik;Röttger, Katharina;3a4077fa-fb35-4e83-a54f-1473522c57c9;;
PH2 B;Physik 2;1468;Physik;Röttger, Katharina;7fd5e446-6eb7-4f6b-8cb7-cab7ae8e5e84;;
PH2 B;Physik 2;1468;Physik;Zakrevski, Juri;7fd5e446-6eb7-4f6b-8cb7-cab7ae8e5e84;;
PH2 B;Physik 2;1468;Physik;Kraft, Sebastian;7fd5e446-6eb7-4f6b-8cb7-cab7ae8e5e84;;
ING E A;Ingenieurethik Doz: BO&SF;1473;Ingenieurethik;Bongards, Michael;e755147d-a8ce-4e9f-babe-1c2959a68973;;
ING E A;Ingenieurethik Doz: BO&SF;1473;Ingenieurethik;Stumpf, Siegfried;e755147d-a8ce-4e9f-babe-1c2959a68973;;
FUI WI V;Finanzierung und Investition;1476;Finanzierung & Investition (BWL 6);Werner, Christina;bea321ef-8859-415d-aca2-a7e37a8ad68a;;
FUIMB;Finanzierung und Investition;1476;Finanzierung & Investition (BWL 6);Werner, Christina;bea321ef-8859-415d-aca2-a7e37a8ad68a;;
ANS E A;Analoge Systeme;1480;Analoge Systeme;Kampmann, Andreas;;;
DIS E A;Digitale Systeme;1482;Digitale Systeme;Buchmann, Ludger;;;
DIS E A;Digitale Systeme;1482;Digitale Systeme;Klein, Christoph;;;
EP MMW;Energieeffiziente Produktion (alt);1498;Energieeffiziente Produktion (alt);Nachfolger, ;8586a27e-dfcd-4d6c-9401-49e760c18661;;
PT PPDM;Großes Projekt;1503;Großes Projekt;Laubersheimer, Wolfgang;069ab61c-b54a-48b5-815d-117fc9de829c;;
PT PPDM;Großes Projekt;1503;Großes Projekt;Pyschny, Nicolas;069ab61c-b54a-48b5-815d-117fc9de829c;;
KTN AI ITM MI WI V;Kommunikationstechnik und Netze;1537;Kommunikationstechnik und Netze;Stahl, Hans L.;d53f45b2-625b-4d4b-aabe-7f879d28082a;;
EMI MI S;Einführung in die Medieninformatik;1567;Einführung in die Medieninformatik;Noss, Christian;54b04915-f170-4924-8f77-eb675f042682;;
EMI MI S;Einführung in die Medieninformatik;1567;Einführung in die Medieninformatik;Blümm, Mirjam;54b04915-f170-4924-8f77-eb675f042682;;
EMI MI S;Einführung in die Medieninformatik;1567;Einführung in die Medieninformatik;Hartmann, Gerhard;54b04915-f170-4924-8f77-eb675f042682;;
EMI MI S;Einführung in die Medieninformatik;1567;Einführung in die Medieninformatik;Fischer, Kristian;54b04915-f170-4924-8f77-eb675f042682;;
EMI MI S;Einführung in die Medieninformatik;1567;Einführung in die Medieninformatik;Kornacher, Hans;54b04915-f170-4924-8f77-eb675f042682;;
EMI MI S;Einführung in die Medieninformatik;1567;Einführung in die Medieninformatik;Kohls, Christian;54b04915-f170-4924-8f77-eb675f042682;;
EMI MI S;Einführung in die Medieninformatik;1567;Einführung in die Medieninformatik;Lindt, Irma;54b04915-f170-4924-8f77-eb675f042682;;
EWI V WI;Einführung in die Wirtschaftsinformatik;1575;Einführung in die Wirtschaftsinformatik;Günther, Holger;89bed5ac-8457-406a-8674-4650e74506f5;;
BWL1 ITM MI WI V;Betriebswirtschaftslehre 1 (Inf);1576;BWL I - Grundlagen;Engelen, Monika;998bb217-b8a0-431d-b38f-1de5e9bbd5b5;;
BWL1 ITM MI WI V;Betriebswirtschaftslehre 1 (Inf);1576;BWL I - Grundlagen;Klein, Torsten;998bb217-b8a0-431d-b38f-1de5e9bbd5b5;;
DBS AI ITM MI WI V;Datenbanksysteme / Datenbanken;1577;Datenbanksysteme;Bertelsmeier, Birgit;89e8ffd6-266f-4553-8937-b0a9335164b5;;
DBS AI ITM MI WI V;Datenbanksysteme / Datenbanken;1577;Datenbanksysteme;Schaible, Johann;89e8ffd6-266f-4553-8937-b0a9335164b5;;
BA2 WI V;Betriebliche Anwendungssysteme 2;1579;Betriebliche Anwendungssysteme II;Victor, Frank;dd91f352-9546-48c2-af01-cdbe4feaeabe;;
PPS MI;Praxisprojektseminar;1626;Praxisprojekt;Noss, Christian;d19a1d22-dbea-4771-b878-5e2edc0e9f80;;
FAE IMSE;Fachspezifischer Architekturentwurf (DE) (WPF A in MMI);1632;Fachspezifischer Architekturentwurf (German);Bente, Stefan;;;
GPM IM;Geschäftsprozessmodellierung und -optimierung;1637;Geschäftsprozessmanagement (German);Zapp, Matthias;7772bd20-0431-4dfd-9392-5f5611600134;;
MUU IM;Management und Unternehmenssteuerung (DE);1638;Management und Unternehmenssteuerung (German);Klein, Torsten;1cf030cd-f0e5-4fe6-9430-0a4b4fbb308c;;
OR IM;Operations Research (EN);1641;Operations Research (English);Naujoks, Boris;9505eb2c-3068-449a-8e69-9c5986887f58;;
DM IM;Data Mining (EN);1642;Data Mining (English);Mersmann, Olaf;;;IM
DM IM;Data Mining (EN);1642;Data Mining (English);Zühlke, Dietlind;;;IM
BA IM;Business Administration (EN);1645;Business Administration (English) - Finance & Accounting;Werner, Christina;;;IM
GP I IM DE;Guided Project I (DE);1646;Guided Project I (German);Dozent, Jeder;;;IM
GP I IM DE;Guided Project I (DE);1646;Guided Project I (German);Bente, Stefan;;;IM
GP I IM DE;Guided Project I (DE);1646;Guided Project I (German);Stumpf, Siegfried;;;IM
WAGP B;Wiss. Arbeiten und Grundl. der Projektarbeit  ;1663;Wissenschaftliches Arbeiten und Grundlagen der Projektarbeit;Bartnik, Roman;c1c5bb94-2d50-428d-9e90-b17b17471b1a;;
WAGP B;Wiss. Arbeiten und Grundl. der Projektarbeit  ;1663;Wissenschaftliches Arbeiten und Grundlagen der Projektarbeit;Palmer, Carolin;c1c5bb94-2d50-428d-9e90-b17b17471b1a;;
WKV M;Werkzeuge in der Kunststoffverarbeitung;1667;Werkzeuge in der Kunststoffverarbeitung;Lake, Simone;6716c404-632a-4918-85a1-0ba0051bacb5;;
WKV M;Werkzeuge in der Kunststoffverarbeitung;1667;Werkzeuge in der Kunststoffverarbeitung;Stricker, Michael;6716c404-632a-4918-85a1-0ba0051bacb5;;
BRW MWM MWE;Betriebliches Rechnungswesen  (Ing);1671;Betriebliches Rechnungswesen;Eckstein, Stefan;35131118-4bd6-413e-880f-1bd0a84ec332;;
BRW MWM MWE;Betriebliches Rechnungswesen  (Ing);1671;Betriebliches Rechnungswesen;Werner, Christina;35131118-4bd6-413e-880f-1bd0a84ec332;;
WPF HUF M;Herausforderungen der Unternehmensführung;1673;Spezialgebiete Wirtschaftswissenschaften;Klein, Torsten;;;
WPF UMF M;Praxisprojekt zu Unternehmens-Mitarbeiterführung;1673;Spezialgebiete Wirtschaftswissenschaften;Klein, Torsten;;;
BIL M;Unternehmenslogistik;1699;Unternehmenslogistik;Hadzeric, Amina;71105c23-d165-472c-8bcd-cab66c9a08f7;;
WPF SQS;Software-Qualitaetssicherung;1829;WPF Software-Qualitaetssicherung (Nur im WS);Winter, Mario;;;IM
WPF VS;Verteilte Systeme;1918;WPF Verteilte Systeme;Köhler, Lutz;;;IM
SWTAT;Softwaretechnik  ET-AT;1970;Softwaretechnik;Algorri, Elena;90d13069-6adf-43c6-ac3e-1d6471651ef1;;
EITM ITM P;Einführung in das IT-Management;2225;Einführung in das IT-Management;Böhmer, Matthias;9e30e299-9a85-4ef7-afe5-473b199b9cd5;;
EITM ITM V;Einführung in das IT-Management;2225;Einführung in das IT-Management;Böhmer, Matthias;9e30e299-9a85-4ef7-afe5-473b199b9cd5;;
ITFC ITM V;IT fokussiertes Controlling;2254;IT fokussiertes Controlling;Linden, Markus;bd437e28-6856-4142-b9c8-8286a5c0b0d4;;
IDM ITM V;Identity Management;2264;Identity Management;Majewski, Roman;7bf34ba0-628a-4a2b-9b2a-3900f982b9e9;;
GDW ITM MI V;Grundlagen des Web (Web Architekturen);2277;Grundlagen des Web;Obendorf, Hartmut;03725940-1eb2-476a-9c1f-1b5277ed69de;;
BEX PPDM;Business Excellence;2288;Business Excellence;Münster, Thomas;fd143ca4-ea44-45a1-8a86-ece0eaef78fa;;
WA PPDM;Werkstoffauswahl;2300;Werkstoffauswahl;Katrakova-Krüger, Danka;ab147b6e-f301-47e0-afd9-680e13c9ba3e;;
IHM MMW;Instandhaltungsmanagement;2302;Instandhaltungsmanagement;Haag, Christoph;bde6b8de-920e-4515-bd35-084f8bed67ff;;
PPS AI;Praxisprojektseminar;2318;Praxisprojekt;Dozent, Jeder;;;alte PO
PPS WI;Praxisprojektseminar;2319;Praxisprojekt;Dozent, Jeder;;;alte PO
SD MI V;Screendesign;2322;Screendesign;Noss, Christian;256c37a7-b06a-4e1d-a163-41917f9e602e;;
EP MI S;Entwicklungsprojekt;2327;Entwicklungsprojekt;Blümm, Mirjam;ebc1f2d1-74eb-4b04-a385-fc7881727b07;;
EP MI S;Entwicklungsprojekt;2327;Entwicklungsprojekt;Noss, Christian;ebc1f2d1-74eb-4b04-a385-fc7881727b07;;
EP MI S;Entwicklungsprojekt;2327;Entwicklungsprojekt;Hartmann, Gerhard;ebc1f2d1-74eb-4b04-a385-fc7881727b07;;
EP MI S;Entwicklungsprojekt;2327;Entwicklungsprojekt;Fischer, Kristian;ebc1f2d1-74eb-4b04-a385-fc7881727b07;;
EP MI S;Entwicklungsprojekt;2327;Entwicklungsprojekt;Kornacher, Hans;ebc1f2d1-74eb-4b04-a385-fc7881727b07;;
EP MI S;Entwicklungsprojekt;2327;Entwicklungsprojekt;Kohls, Christian;ebc1f2d1-74eb-4b04-a385-fc7881727b07;;
SNS MMI;Storytelling und narrative Strukturen;2346;Storytelling und narrative Strukturen;Kornacher, Hans;da6b8091-54e2-44cd-9068-3d4821a27d96;;
WA MMI;Web Architekturen;2347;Web Architekturen;Erasmus, Patrick;14cd13b2-5672-437e-bdf8-d92c63d10ece;;
DM MMI;Design Methodologies;2348;Design Methodologies;Kohls, Christian;f714aead-9228-4038-b93d-20d7b8f1a644;;
DM MMI;Design Methodologies;2348;Design Methodologies;Hartmann, Gerhard;f714aead-9228-4038-b93d-20d7b8f1a644;;
SPV MMI;Sicherheit, Privatsphäre und Vertrauen im Netz;2349;Sicherheit, Privatsphäre und Vertrauen;Karsch, Stefan;dd84367c-cc8c-4e36-bfcc-7c8522145b9e;;s. SPV DSM
BCG MMI;Bildbasierte Computergrafik;2350;Bildbasierte Computergrafik;Niebling, Florian;6cc4ef94-a19a-4eee-a1ea-545cafc7c50f;;
P1 MMI;Projekt I: Vision und Konzept;2351;Projekt I: Vision und Konzept;Kohls, Christian;bad1acaa-dd0e-4f52-850a-fc3976a30a3d;;
P1 MMI;Projekt I: Vision und Konzept;2351;Projekt I: Vision und Konzept;Kornacher, Hans;bad1acaa-dd0e-4f52-850a-fc3976a30a3d;;
P1 MMI;Projekt I: Vision und Konzept;2351;Projekt I: Vision und Konzept;Winter, Mario;bad1acaa-dd0e-4f52-850a-fc3976a30a3d;;
P1 MMI;Projekt I: Vision und Konzept;2351;Projekt I: Vision und Konzept;Noss, Christian;bad1acaa-dd0e-4f52-850a-fc3976a30a3d;;
P1 MMI;Projekt I: Vision und Konzept;2351;Projekt I: Vision und Konzept;Hartmann, Gerhard;bad1acaa-dd0e-4f52-850a-fc3976a30a3d;;
P3 MMI;Projekt III: Forschung, Evaluation/Assessment, Verwertung;2353;Projekt III: Forschung, Evaluation/Assessment, Verwertung;Kornacher, Hans;178d394f-0b03-4566-80b6-272fbd49f760;;
P3 MMI;Projekt III: Forschung, Evaluation/Assessment, Verwertung;2353;Projekt III: Forschung, Evaluation/Assessment, Verwertung;Kohls, Christian;178d394f-0b03-4566-80b6-272fbd49f760;;
P3 MMI;Projekt III: Forschung, Evaluation/Assessment, Verwertung;2353;Projekt III: Forschung, Evaluation/Assessment, Verwertung;Noss, Christian;178d394f-0b03-4566-80b6-272fbd49f760;;
P3 MMI;Projekt III: Forschung, Evaluation/Assessment, Verwertung;2353;Projekt III: Forschung, Evaluation/Assessment, Verwertung;Stenzel, Horst;178d394f-0b03-4566-80b6-272fbd49f760;;
P3 MMI;Projekt III: Forschung, Evaluation/Assessment, Verwertung;2353;Projekt III: Forschung, Evaluation/Assessment, Verwertung;Winter, Mario;178d394f-0b03-4566-80b6-272fbd49f760;;
P3 MMI;Projekt III: Forschung, Evaluation/Assessment, Verwertung;2353;Projekt III: Forschung, Evaluation/Assessment, Verwertung;Fischer, Kristian;178d394f-0b03-4566-80b6-272fbd49f760;;
P3 MMI;Projekt III: Forschung, Evaluation/Assessment, Verwertung;2353;Projekt III: Forschung, Evaluation/Assessment, Verwertung;Hartmann, Gerhard;178d394f-0b03-4566-80b6-272fbd49f760;;
PH B;Physik - Aller Anfang ist schwer;2505;Physik - Aller Anfang ist schwer;Zakrevski, Juri;;;
TI1 AI MI V;Theoretische Informatik 1;2525;Theoretische Informatik I;Lindt, Irma;c75606ef-21dd-404f-a468-ab7f9c4c4117;;
TIM1 MMW;Technologie- und Innovationsmanagement - 1;2565;Technologie- und Innovationsmanagement - 1 & 2;Haag, Christoph;670d85f3-8085-420b-831f-6da1cfd4f1de;;
TIM2 MMW;Technologie- und Innovationsmanagement - 2;2565;Technologie- und Innovationsmanagement - 1 & 2;Haag, Christoph;94cf925a-cf03-49e9-b585-eeed8550f789;;
TIMUE MMW;Technologie- und Innovationsmanagement Übung;2565;Technologie- und Innovationsmanagement - 1 & 2;Haag, Christoph;41ca9f81-63f1-4dba-9c33-adae878ee2ca;;
GRC MMW;Governance, Risk und Compliance;2568;Governance, Risk und Compliance;Bartnik, Roman;;;
PL MMW;Produktion und Logistik;2572;Produktion und Logistik;Hadzeric, Amina;49182000-dcf0-4b85-92bd-c1f8be20f67c;;
PL MMW;Produktion und Logistik;2572;Produktion und Logistik;Bartnik, Roman;49182000-dcf0-4b85-92bd-c1f8be20f67c;;
RENE MMW;Regenerative Erzeugung und Nutzung von Energie;2591;Regenerative Erzeugung und Nutzung von Energie;Malek, Christian;f03195fd-cd3d-4e8b-9d00-3ec403b12367;;
OSDEP MMW;Dezentrale Energieerzeugung;2592;Optimierung und Stabilisierung dezentraler Energieerzeugungsprozesse (Netze und Speicher);Wolf, Christian;42123d0e-f9ee-4117-99f4-0c985aca1313;;
WPF SPL;Studioproduktion - Livesendung;2725;Studioproduktion - Livesendung;Kornacher, Hans;;;
WPF SPL;Studioproduktion - Livesendung;2725;Studioproduktion - Livesendung;Wassermann, Ernestine;;;
AVM MI S;Audiovisuelles Medienprojekt;2746;Audiovisuelles Medienprojekt;Kornacher, Hans;b6d5c815-9825-44d0-96b3-648580ece38a;;
LEOS E;Optische Technologien;2925;Laser und Elektooptische Systeme;Kraft, Sebastian;fbb90905-a3e0-40d9-b90b-7f91b435664b;;
CAD M;CAD mit CATIA V5;2946;CAD mit CATIA V5;Walkowiak, Marcel;;;
MUS MMW;Management und Unternehmenssteuerung;2948;Management und Unternehmenssteuerung, Master WIng;Klein, Torsten;68edc500-3ea4-47ed-89d1-9cd65747089d;;
MUS MMW;Management und Unternehmenssteuerung;2948;Management und Unternehmenssteuerung, Master WIng;Eckstein, Stefan;68edc500-3ea4-47ed-89d1-9cd65747089d;;
PROM M;Produktionsmanagement;3145;Produktionsmanagement;Zwanzig, Florian;70d904c0-93d8-4b54-a1a1-1f8ed02417ef;;
PROM M;Produktionsmanagement;3145;Produktionsmanagement;Wellendorf, Axel;70d904c0-93d8-4b54-a1a1-1f8ed02417ef;;
PROM M;Produktionsmanagement;3145;Produktionsmanagement;Permin, Eike;70d904c0-93d8-4b54-a1a1-1f8ed02417ef;;
IoT M;IoT und Cloud in der Produktion;3266;IoT und Cloud in der Produktion;Hackelöer, Felix;;;
EESG;Elektrische Energieversorgung und Smart Grids;3325;Elektrische Energieversorgung und Smart Grids;Freiburg, Michael;d1c76937-099f-43a8-ab17-97067596b9a4;;
OPTNM M;Numerical Methods;3387;Optimization of Technical Systems;Bartz-Beielstein, Thomas;0ba6d67f-22e6-479e-9bc2-2c028a309d1c;;
OPTOPT M;Optimization;3387;Optimization of Technical Systems;Bartz-Beielstein, Thomas;325bcb38-5766-482b-83eb-ac80a5f20fa2;;
WPF SUP;Stressmanagement und Persönlichkeitsentwicklung;3412;Stressmanagement und Persönlichkeitsentwicklung;Stumpf, Siegfried;;;
WPF SUP;Stressmanagement und Persönlichkeitsentwicklung;3412;Stressmanagement und Persönlichkeitsentwicklung;Riemer, Petra;;;
MA1 WI V;Mathematik 1;3427;Mathematik 1;Zühlke, Dietlind;5b024866-31aa-4c70-b2f6-de48dae7fc1c;;
GUC M;Grundlagen der Umweltchemie;3445;Grundlagen der Umweltchemie;Sartor, Miriam;5c58f3ae-5bb3-4d47-83bf-6e441e1cb80c;fec9a389-5c68-41c3-b0bd-00d390e2170b;
EPI AI S;Einführungsprojekt in die Informatik;3485;Einführungsprojekt in die Informatik;Groten, Raphaela;fb968b0d-462c-4354-9322-02617ca801df;;
INM DSM;Innovation Management;3505;Innovation Management;Lindt, Irma;053000c0-7c1e-4d33-a281-8db6f8b102fb;;
DDM DSM;Data Driven Modelling;3507;Data Driven Modelling;Mersmann, Olaf;a5b29cfe-1e4a-495e-856a-909654b5ae71;;
DDM DSM;Data Driven Modelling;3507;Data Driven Modelling;Zühlke, Dietlind;a5b29cfe-1e4a-495e-856a-909654b5ae71;;
ABIA DSM;Advanced Business Intelligence and Analytics;3508;Advanced Business Intelligence and Analytics;Westenberger, Hartmut;0df7ec6b-747c-4b4c-b770-1d96a8c4d9f8;;
DDD DSM;Domain-Driven Design of Large Software Systems;3509;Domain-Driven Design of Large Software Systems;Bente, Stefan;a1b72fc2-ca9e-4148-9468-ebafccaed0b3;;
ID DSM;Interaction Design;3510;Interaction Design;Hartmann, Gerhard;b8eccf41-036d-4d7b-b6f4-8d815e32684f;b6414a4c-61fa-429e-9a45-6eb97566ea4b;DSM / MMI
MUU DSM;Management und Unternehmenssteuerung;3512;Management und Unternehmenssteuerung;Klein, Torsten;1cf030cd-f0e5-4fe6-9430-0a4b4fbb308c;;
OR DSM;Operations Research;3513;Operations Research;Naujoks, Boris;9505eb2c-3068-449a-8e69-9c5986887f58;;
SGM DSM;Spezielle Gebiete der Mathematik;3514;Spezielle Gebiete der Mathematik;Zühlke, Dietlind;e11423a4-df53-49e5-ae64-b0066c787315;;
MSG DSM;Management Simulation Game;3515;Management Simulation Game;Werner, Christina;b9583158-3549-4cbb-b3b3-dfe9c06d0d35;;
PADT DSM;Psychological aspects of digital transformation;3516;Psychological aspects of digital transformation;Palmer, Carolin;9d7613c9-dd81-4b09-93d7-ef05a36b2d4f;;
NADI DSM;Netz-Architekturen, -Design und -Infrastrukturen;3517;Netz-Architekturen, -Design und -Infrastrukturen;Stahl, Hans L.;bc186ace-feab-4f4a-86da-e3db7316ed11;;
OSC DSM;Open Science;3518;Open Science;Blümm, Mirjam;2a5f0d91-2374-4204-b074-4eb5d977cf12;;
SPV DSM;Sicherheit, Privatsphäre und Vertrauen;3520;Sicherheit, Privatsphäre und Vertrauen;Karsch, Stefan;7a34e66f-5d0a-4c90-8476-48755e3723d1;;s. SPV MMI
UBIC DSM MMI;Ubiquitous Computing;3521;Ubiquitous Computing;Böhmer, Matthias;79648ba8-f009-4a75-8a84-1eb90f22d5c3;43ee887c-437f-4e4e-bb1c-95b03ee496f3;
WPF ABA;Anwendungsfelder der Business Analytics;3545;Anwendungsfelder des Business Analytics;Linden, Markus;;;
UPA MMW;Umwelt- und Prozessanalytik im Stoffstrom- und Ressourcenmanagement;3565;Umwelt- und Prozessanalytik im Stoffstrom- und Ressourcenmanagement;Sartor, Miriam;9d26b2db-c06c-4be6-a44d-fd42d4bd296d;;
WPF M1;Marketing 1;3585;Marketing 1;Engelen, Monika;;;
WPF ACF;Advanced Corporate Finance;3610;Advanced Corporate Finance;Werner, Christina;;;
WPF DP;Digitale Produktion;3645;Digitale Produktion;Permin, Eike;;;
SKD DSM;Seminar Knowledge Discovery;3684;Seminar Knowledge Discovery;Schaer, Philipp;a4b7fa8a-7dd8-4abf-8034-1d5e805b7931;;
SKD DSM;Seminar Knowledge Discovery;3684;Seminar Knowledge Discovery;Heisenberg, Gernot;a4b7fa8a-7dd8-4abf-8034-1d5e805b7931;;
SKD DSM;Seminar Knowledge Discovery;3684;Seminar Knowledge Discovery;Förstner (F03), Konrad;a4b7fa8a-7dd8-4abf-8034-1d5e805b7931;;
SKD DSM;Seminar Knowledge Discovery;3684;Seminar Knowledge Discovery;Lepsky (F03), Klaus;a4b7fa8a-7dd8-4abf-8034-1d5e805b7931;;
ZWR M;Zirkuläre Wertschöpfung und Recyclingtechnik;3705;Zirkuläre Wertschöpfung und Recyclingtechnik;Sartor, Miriam;41aaabb9-711f-4dee-9607-326f4a2ec1a2;;
ZWR M;Zirkuläre Wertschöpfung und Recyclingtechnik;3705;Zirkuläre Wertschöpfung und Recyclingtechnik;Malek, Christian;41aaabb9-711f-4dee-9607-326f4a2ec1a2;;
ZWR M;Zirkuläre Wertschöpfung und Recyclingtechnik;3705;Zirkuläre Wertschöpfung und Recyclingtechnik;Wellendorf, Axel;41aaabb9-711f-4dee-9607-326f4a2ec1a2;;
ETRM M;Energietechnik und Ressourcenmanagement;3706;Energietechnik und Ressourcenmanagement;Malek, Christian;e36ac1d2-bd20-4902-b457-42af3bb22153;3534a987-933a-47bd-99e5-9664955394c1;
REQ ITM P;Requirements Engineering;3746;Requirements Engineering;Lindt, Irma;414b827d-fdcf-4e76-9172-d1dc65b7e710;;
REQ ITM V;Requirements Engineering;3746;Requirements Engineering;Lindt, Irma;414b827d-fdcf-4e76-9172-d1dc65b7e710;;
AML DSM;Advanced Machine Learning;3747;Advanced Machine Learning;Heisenberg, Gernot;3b74672d-8788-4828-bedd-4a0051d32a72;;
WDB DSM;Wettbewerbsstrategien im Digital Business;3748;Wettbewerbsstrategien im Digital Business;Linde, Frank;5232fe71-7bd2-4528-a0ff-9cca594120a5;;
ANLP DSM;Advanced Natural Language Processing;3749;Advanced Natural Language Processing;Schaer, Philipp;c35e5d8a-ed27-41f4-8eb2-69862b683450;;
WIR DSM;Web Information Retrieval;3750;Web Information Retrieval;Schaer, Philipp;4169752e-a70a-4246-99dc-f64febdc4291;;
ProM DSM;Process Mining;3751;Process Mining;Zühlke, Dietlind;4a43d351-1b2b-4392-b186-2ed409b52411;;
CEX DSM;Coding Excellence;3752;Coding Excellence;Bente, Stefan;5d3d819a-22ba-4bf6-a2e2-e9feb7e3e71e;;
PM MMW;Projektmanagement (WPF);3766;Projektmanagement;Bartnik, Roman;d5c08467-31c5-4499-964f-fe44f7c95ef3;;
IRM P;Infrastruktur- und Ressourcemanagement;3785;Infrastruktur- und Ressourcemanagement;Majewski, Roman;e7d62354-5ddf-4156-a57b-f8e9e02c30c2;;
IRM V;Infrastruktur- und Ressourcemanagement;3785;Infrastruktur- und Ressourcemanagement;Majewski, Roman;e7d62354-5ddf-4156-a57b-f8e9e02c30c2;;
IuP AI WI UE;Informations- und Prozessmanagement;3786;Informations- und Prozessmanagement;Zapp, Matthias;98a5e01c-6966-4119-b590-d9303dd773b6;;
IuP AI WI V;Informations- und Prozessmanagement;3786;Informations- und Prozessmanagement;Zapp, Matthias;98a5e01c-6966-4119-b590-d9303dd773b6;;
COU WI V;Controlling und Unternehmenssteuerung;3825;Controlling und Unternehmenssteuerung;Eckstein, Stefan;2c55258d-b1e1-4914-ae4c-528404b9f44c;;
LOD DSM;Linked open Data;3845;Linked Open Data;Förstner (F03), Konrad;eeb595a7-4c1b-464d-98fc-e25e50e28c15;;
WAM DSM;Web Audience Measurement und Web-Analytics;3846;Web Audience Measurement und Web-Analytics;Fühles-Ubach, Simone;089a8af4-121c-4546-be9d-f99a17c21a92;;
WPF WP;Wirtschaftspolitik;3866;Wirtschaftspolitik;Hamidullin, Albert;;;
WPF PMSI;Psychophysik multimodaler situierter Interaktion;4046;Psychophysik multimodaler situierter Interaktion;Hartmann, Gerhard;;;
OPP MMW;Object-oriented Python Programming;4065;Object-oriented Python Programming;Wolf, Christian;;;
BIOK MMW;Biokunststoffe;4085;Biokunststoffe;Harraß, Konstantina;;;
GP-GAK DSM;Guided Project focused on Generating and Accessing Knowledge;4105;Guided Project focused on Generating and Accessing Knowledge;Kreutz, Christin;;;
RSN DSM;Recherche in (sozialen) Netzwerken;4125;Recherche in (sozialen) Netzwerken;Fühles-Ubach, Simone;51f9fb30-e72b-4be3-a912-ba42070732f5;;
CBE;Circular (Bio)Economy;4145;Circular (Bio)Economy;Himanshu, Himanshu;;;
WPF DLY;Data Literacy;4165;WPF Data Literacy;Schaible, Johann;;;
BA1 WI P;Betriebliche Anwendungssysteme 1;;;, ;65a319e8-788c-4469-ade1-a10566d87a4a;;
BA1 WI UE;Betriebliche Anwendungssysteme 1;;;, ;65a319e8-788c-4469-ade1-a10566d87a4a;;
BA2 WI P;Betriebliche Anwendungssysteme 2;;;, ;dd91f352-9546-48c2-af01-cdbe4feaeabe;;
BA2 WI UE;Betriebliche Anwendungssysteme 2;;;, ;dd91f352-9546-48c2-af01-cdbe4feaeabe;;
BWL2 ITM WI UE;Betriebswirtschaftslehre 2 (Inf) - Rechnungswesen;;;, ;;;
CK;Campuskino;;;, ;;;
COM WI UE;Controlling und Management;;;, ;;;
CS1 MAIT;Case Study 1;;;, ;;;
CS2 MAIT;Case Study 2;;;, ;;;
DaF IM AITM;Deutsch als Fremdsprache - Kurs für internationale Studierende (DE);;;, ;;;
DBS AI ITM WI UE;Datenbanksysteme;;;, ;89e8ffd6-266f-4553-8937-b0a9335164b5;;
DBS AI P;Datenbanksysteme;;;, ;89e8ffd6-266f-4553-8937-b0a9335164b5;;
DBS ITM P;Datenbanksysteme;;;, ;89e8ffd6-266f-4553-8937-b0a9335164b5;;
DBS MI P;Datenbanken;;;, ;89e8ffd6-266f-4553-8937-b0a9335164b5;;
DBS WI P;Datenbanksysteme;;;, ;89e8ffd6-266f-4553-8937-b0a9335164b5;;
EBR AI ITM UE;Einführung in Betriebssysteme und Rechnerarchitektur;;;, ;ca3d9db5-d117-4f01-b166-ea0a25a9bb84;;
EBR MI WI UE;Einführung in Betriebssysteme und Rechnerarchitektur;;;, ;ca3d9db5-d117-4f01-b166-ea0a25a9bb84;;
EWI UE WI;Übung zu EWI;;;, ;89bed5ac-8457-406a-8674-4650e74506f5;;
FT PPDM;Friday Talks;;;, ;;;
GDW ITM MI P;Grundlagen des Web;;;, ;03725940-1eb2-476a-9c1f-1b5277ed69de;;
IDM ITM P;Identity Management;;;, ;7bf34ba0-628a-4a2b-9b2a-3900f982b9e9;;
KTN AI ITM MI WI P;Kommunikationstechnik und Netze;;;, ;d53f45b2-625b-4d4b-aabe-7f879d28082a;;
KTN AI P;Kommunikationstechnik und Netze;;;, ;d53f45b2-625b-4d4b-aabe-7f879d28082a;;
KTN ITM P;Kommunikationstechnik und Netze;;;, ;d53f45b2-625b-4d4b-aabe-7f879d28082a;;
KTN MI P;Kommunikationstechnik und Netze;;;, ;d53f45b2-625b-4d4b-aabe-7f879d28082a;;
KTN WI P;Kommunikationstechnik und Netze;;;, ;d53f45b2-625b-4d4b-aabe-7f879d28082a;;
MA1 AI ITM MI P;Mathematik 1;;;, ;bc161197-329c-4146-ae3d-9269cc05c108;;
MA1 AI ITM MI TUT;Mathematik 1;;;, ;bc161197-329c-4146-ae3d-9269cc05c108;;
MA1 AI ITM MI UE;Mathematik 1;;;, ;bc161197-329c-4146-ae3d-9269cc05c108;;
MA1 AI P;Mathematik 1;;;, ;bc161197-329c-4146-ae3d-9269cc05c108;;
MA1 ITM P;Mathematik 1;;;, ;bc161197-329c-4146-ae3d-9269cc05c108;;
MA1 MI P;Mathematik 1;;;, ;bc161197-329c-4146-ae3d-9269cc05c108;;
MA1 WI P;Mathematik 1;;;, ;5b024866-31aa-4c70-b2f6-de48dae7fc1c;;
MA1 WI TUT;Mathematik 1;;;, ;5b024866-31aa-4c70-b2f6-de48dae7fc1c;;
MA1 WI UE;Mathematik 1;;;, ;5b024866-31aa-4c70-b2f6-de48dae7fc1c;;
MAS WI P;Modellierung von Anwendungssystemen;;;, ;f7a2b38b-8a5e-4c7c-9d88-73cf1ab65e62;;
MAW UE;Statistik Übung SPSS;;;, ;;;
OB;Oberseminar für Doktoranden;;;, ;;;
PH1 UE BB;Physik 1 Übungen zur Vorlesung;;;, ;7fd5e446-6eb7-4f6b-8cb7-cab7ae8e5e84;;
PM AI MI WI TUT;Projektmanagement (INF);;;, ;ce3ff48e-28d0-4bcc-b5e7-8c0f551f2112;;
PM ITM TUT;Projektmanagement (INF);;;, ;ce3ff48e-28d0-4bcc-b5e7-8c0f551f2112;;
PMA UE;Projektmanagement Übung ET;;;, ;;;
PP AI MI  UE;Paradigmen der Programmierung - Übung;;;, ;e37c5af9-6076-4f15-8c8b-d206b7091bc0;;
PP AI P;Paradigmen der Programmierung - Praktikum;;;, ;e37c5af9-6076-4f15-8c8b-d206b7091bc0;;
PP MI V;Paradigmen der Programmierung;;;, ;e37c5af9-6076-4f15-8c8b-d206b7091bc0;;
RE AI ITM MI WI UE;Recht - Teilmodul von IRG;;;, ;e3dc0278-cf5f-4296-a577-d88ad9c3e999;;
Rnb;Raum nicht buchbar;;;, ;;;
SD MI P;Screendesign;;;, ;256c37a7-b06a-4e1d-a163-41917f9e602e;;
ST1 AI P;Softwaretechnik 1;;;, ;f79b9798-6db1-44fd-b02b-a402e24b582a;;
TD TUT M;Tutorium der Technischen Thermodynamik;;;, ;;;
TI1 AI MI UE;Theoretische Informatik 1;;;, ;c75606ef-21dd-404f-a468-ab7f9c4c4117;;
TUBWL2B;Übung BWL 2;;;, ;;;
TUEMB2;Tutorium Einführung in die Mechanik 2;;;, ;34351696-98fe-409c-96ff-9f7f78bd4037;;
TUFT2;Tutorium FT2;;;, ;ce3ff48e-28d0-4bcc-b5e7-8c0f551f2112;;
TUMGR;Basiskurs Mathematik für Ingenieure;;;, ;;;
TUTAME1;Tutorium TM1;;;, ;c285df00-5cc3-4e89-8c9e-e5915b581e5d;;
TUTEM1 B;Tutorium Einführung in die Mechanik 1 ;;;, ;5b712502-14b2-49f1-9d77-a2ed852917c1;;
TUTETE;Elektrotechnik Tutorium;;;, ;;;
TUTFT1;Tutorium FT1;;;, ;2b036373-3e61-46bf-939b-61c843e78f0e;;
TUTINF2 B;Tutorium Informatik II;;;, ;80f1d7c8-8261-4f5e-b4cb-06624065928d;;
TUTMZ;Tutorium Mathe - Stud. Tutoren;;;, ;;;
TUTPH B1;Tutorium Physik 1;;;, ;3a4077fa-fb35-4e83-a54f-1473522c57c9;;
TUTPH B2;Tutorium Physik 2;;;, ;7fd5e446-6eb7-4f6b-8cb7-cab7ae8e5e84;;
TUTPRO E;Tutorium Programmieren;;;, ;0e229c2a-a8de-4732-92cd-6cbd2f40a64d;;
TUTSTL M;Tutorium STL;;;, ;f88e64e6-8344-4b7f-ad9a-8499fed4196f;;
TUTWK2;Tutorium Werkstoffkunde II;;;, ;3a5c00ce-c2a9-4d28-aa40-4968b7540448;;
UEMA1;Mathematik 1 Aktivübung;;;, ;;;
UEMA2;Mathematik 2 Aktivübung;;;, ;;;
WPF NSS M;CFD - Numerische Strömungssimulation;;;, ;;;